course_id,avg_completion
501.0,60.20875
502.0,52.0523076923077
503.0,70.333
